[
  {
    "model": "site_users.siteuser",
    "pk": 1,
    "fields": {
      "password": "abc123",
      "last_login": null,
      "is_superuser": false,
      "username": "system",
      "first_name": "system",
      "last_name": "user",
      "email": "",
      "is_staff": false,
      "is_active": false,
      "date_joined": "2019-08-23T00:43:08Z",
      "groups": [],
      "user_permissions": [],
      "bio": "",
      "location": ""
    }
  },
  {
    "model": "site_users.siteuser",
    "pk": 2,
    "fields": {
      "password": "abc123",
      "last_login": "2019-08-25T06:12:50.648Z",
      "is_superuser": true,
      "username": "testsuperuser",
      "first_name": "super",
      "last_name": "user",
      "email": "superuser@example.com",
      "is_staff": true,
      "is_active": true,
      "date_joined": "2019-08-23T00:42:58Z",
      "groups": [],
      "user_permissions": [],
      "bio": "",
      "location": ""
    }
  },
  {
    "model": "site_users.siteuser",
    "pk": 3,
    "fields": {
      "password": "abc123",
      "last_login": null,
      "is_superuser": false,
      "username": "teststaffuser",
      "first_name": "staff",
      "last_name": "user",
      "email": "staffuser@example.com",
      "is_staff": false,
      "is_active": true,
      "date_joined": "2019-08-23T00:36:45Z",
      "groups": [],
      "user_permissions": [],
      "bio": "",
      "location": ""
    }
  },
  {
    "model": "site_users.siteuser",
    "pk": 4,
    "fields": {
      "password": "abc123",
      "last_login": "2019-08-25T04:36:16.617Z",
      "is_superuser": false,
      "username": "testregularuser",
      "first_name": "regular",
      "last_name": "user",
      "email": "regularuser@example.com",
      "is_staff": false,
      "is_active": true,
      "date_joined": "2019-08-23T00:36:57Z",
      "groups": [],
      "user_permissions": [],
      "bio": "",
      "location": ""
    }
  },
  {
    "model": "complexities.complexity",
    "pk": 1,
    "fields": {
      "name": "O(1)",
      "description": "Constant time"
    }
  },
  {
    "model": "complexities.complexity",
    "pk": 2,
    "fields": {
      "name": "O(log log n)",
      "description": "Double logarithmic"
    }
  },
  {
    "model": "complexities.complexity",
    "pk": 3,
    "fields": {
      "name": "O(log n)",
      "description": "Logarithmic"
    }
  },
  {
    "model": "complexities.complexity",
    "pk": 4,
    "fields": {
      "name": "O(n)",
      "description": "Linear"
    }
  },
  {
    "model": "complexities.complexity",
    "pk": 5,
    "fields": {
      "name": "O(n^2)",
      "description": "Quadratic"
    }
  },
  {
    "model": "complexities.complexity",
    "pk": 6,
    "fields": {
      "name": "O(n log n)",
      "description": "Loglinear"
    }
  },
  {
    "model": "complexities.complexity",
    "pk": 7,
    "fields": {
      "name": "O(n!)",
      "description": "Factorial"
    }
  },
  {
    "model": "languages.language",
    "pk": 1,
    "fields": {
      "name": "Python"
    }
  },
  {
    "model": "languages.language",
    "pk": 2,
    "fields": {
      "name": "C"
    }
  },
  {
    "model": "languages.language",
    "pk": 3,
    "fields": {
      "name": "C++"
    }
  },
  {
    "model": "languages.language",
    "pk": 4,
    "fields": {
      "name": "Java"
    }
  },
  {
    "model": "languages.language",
    "pk": 5,
    "fields": {
      "name": "C#"
    }
  },
  {
    "model": "languages.language",
    "pk": 6,
    "fields": {
      "name": "Swift"
    }
  },
  {
    "model": "languages.language",
    "pk": 7,
    "fields": {
      "name": "Objective-C"
    }
  },
  {
    "model": "languages.language",
    "pk": 8,
    "fields": {
      "name": "Bash"
    }
  },
  {
    "model": "languages.language",
    "pk": 9,
    "fields": {
      "name": "Powershell"
    }
  },
  {
    "model": "languages.language",
    "pk": 10,
    "fields": {
      "name": "Batch"
    }
  },
  {
    "model": "languages.language",
    "pk": 11,
    "fields": {
      "name": "Ada"
    }
  },
  {
    "model": "languages.language",
    "pk": 12,
    "fields": {
      "name": "COBOL"
    }
  },
  {
    "model": "languages.language",
    "pk": 13,
    "fields": {
      "name": "Fortran"
    }
  },
  {
    "model": "languages.language",
    "pk": 14,
    "fields": {
      "name": "Lisp"
    }
  },
  {
    "model": "languages.language",
    "pk": 15,
    "fields": {
      "name": "PHP"
    }
  },
  {
    "model": "languages.language",
    "pk": 16,
    "fields": {
      "name": "Haskell"
    }
  },
  {
    "model": "languages.language",
    "pk": 17,
    "fields": {
      "name": "Javascript"
    }
  },
  {
    "model": "languages.language",
    "pk": 18,
    "fields": {
      "name": "HTML"
    }
  },
  {
    "model": "languages.language",
    "pk": 19,
    "fields": {
      "name": "CSS"
    }
  },
  {
    "model": "versions.version",
    "pk": 1,
    "fields": {
      "value": "3.6.5",
      "languages": [
        1
      ]
    }
  },
  {
    "model": "versions.version",
    "pk": 2,
    "fields": {
      "value": "1.1.1",
      "languages": [
        1
      ]
    }
  },
  {
    "model": "tags.tag",
    "pk": 1,
    "fields": {
      "text": "recursive"
    }
  },
  {
    "model": "tags.tag",
    "pk": 2,
    "fields": {
      "text": "simple"
    }
  },
  {
    "model": "tags.tag",
    "pk": 3,
    "fields": {
      "text": "code golf"
    }
  },
  {
    "model": "tags.tag",
    "pk": 4,
    "fields": {
      "text": "complex"
    }
  },
  {
    "model": "tags.tag",
    "pk": 5,
    "fields": {
      "text": "easy"
    }
  },
  {
    "model": "tags.tag",
    "pk": 6,
    "fields": {
      "text": "hard"
    }
  },
  {
    "model": "snippets.snippet",
    "pk": 1,
    "fields": {
      "site_user": 1,
      "title": "Hello, World!",
      "code": "print(\"Hello, World!\")",
      "description": "A simple hello world program.",
      "language": 1,
      "version": 1,
      "complexity": 1,
      "is_request": false,
      "up_votes": 1,
      "down_votes": 0,
      "rating": 1,
      "tags": [
        2,
        5
      ]
    }
  },
  {
    "model": "snippets.snippet",
    "pk": 2,
    "fields": {
      "site_user": 2,
      "title": "Hello, World!",
      "code": "print(\"Hello, World!\")",
      "description": "A simple hello world program.",
      "language": 1,
      "version": 1,
      "complexity": 1,
      "is_request": false,
      "up_votes": 1,
      "down_votes": 1,
      "rating": 0,
      "tags": [
        2,
        5
      ]
    }
  },
  {
    "model": "snippets.snippet",
    "pk": 3,
    "fields": {
      "site_user": 1,
      "title": "Goodbye world!",
      "code": "print('Goodbye!')",
      "description": "Opposite of Hello World!",
      "language": 1,
      "version": 1,
      "complexity": 1,
      "is_request": false,
      "up_votes": 0,
      "down_votes": 0,
      "rating": 0,
      "tags": [
        2,
        5
      ]
    }
  },
  {
    "model": "snippets.snippet",
    "pk": 4,
    "fields": {
      "site_user": 2,
      "title": "Add Function",
      "code": "def add(x, y):\r\n    return x + y",
      "description": "A simple addition program",
      "language": 1,
      "version": 1,
      "complexity": 1,
      "is_request": false,
      "up_votes": 0,
      "down_votes": 0,
      "rating": 0,
      "tags": [
        2,
        5
      ]
    }
  },
  {
    "model": "social.social",
    "pk": 1,
    "fields": {
      "site_user": 1,
      "provider": "email",
      "value": "test@example.com"
    }
  },
  {
    "model": "social.social",
    "pk": 2,
    "fields": {
      "site_user": 2,
      "provider": "website",
      "value": "https://www.example.com"
    }
  },
  {
    "model": "social.social",
    "pk": 3,
    "fields": {
      "site_user": 3,
      "provider": "email",
      "value": "test2@example.com"
    }
  },
  {
    "model": "social.social",
    "pk": 4,
    "fields": {
      "site_user": 4,
      "provider": "reddit",
      "value": "u/testuser"
    }
  },
  {
    "model": "top_solutions.topsolution",
    "pk": 1,
    "fields": {
      "snippet_url": "http://example.com",
      "language": 1,
      "version": 1
    }
  },
  {
    "model": "comments.comment",
    "pk": 1,
    "fields": {
      "site_user": 2,
      "snippet": 4,
      "title": "Best program ever!",
      "content": "Pretty good comment too!",
      "x_position": null,
      "y_position": null,
      "up_votes": 0,
      "down_votes": 0,
      "rating": 0
    }
  }
]
